Job Link,Salary Info,Company Link
https://www.indeed.com/jobs?q=node+developer&l=California&vjk=aa5acadd531e06e8,"$125,000 - $145,000 a year",N/A
https://www.indeed.com/jobs?q=node+developer&l=California&vjk=d4bc139000fee967,"$118,000 - $158,200 a year",N/A
https://www.indeed.com/jobs?q=node+developer&l=California&vjk=2216b9df798bdcfc,"$110,000 - $150,000 a year",N/A
https://www.indeed.com/jobs?q=node+developer&l=California&vjk=cfb0e5cfd4efce39,"$145,000 - $175,000 a year",N/A
https://www.indeed.com/jobs?q=node+developer&l=California&vjk=0a21da5b3f2c0561,N/A,http://www.netflix.com/
https://www.indeed.com/jobs?q=node+developer&l=California&vjk=d5cc997989f93027,"$90,000 - $120,000 a year",https://www.alliedadministrators.com/
https://www.indeed.com/jobs?q=node+developer&l=California&vjk=d181068123b91a43,"$149,300 - $200,200 a year",N/A
https://www.indeed.com/jobs?q=node+developer&l=California&vjk=27aa4de41a6aea13,"$165,600 - $227,700 a year",http://www.salesforce.com/
https://www.indeed.com/jobs?q=node+developer&l=California&vjk=62bfc1c88d7dabe3,"$138,900 - $256,500 a year",http://www.apple.com/
https://www.indeed.com/jobs?q=node+developer&l=California&vjk=8c06360799adeb77,"$108,000 - $198,500 a year",http://www.adobe.com/
https://www.indeed.com/jobs?q=node+developer&l=California&vjk=6ea78c8881f2647a,N/A,http://www.altruist.com/
https://www.indeed.com/jobs?q=node+developer&l=California&vjk=769353295e1825fd,"$143,500 - $233,200 a year",https://jobs.paloaltonetworks.com/
https://www.indeed.com/jobs?q=node+developer&l=California&vjk=77fd509acf9cf712,N/A,http://www.pacificlife.com/
https://www.indeed.com/jobs?q=node+developer&l=California&vjk=78a73105b02f77a0,"$160,000 - $195,000 a year",N/A
https://www.indeed.com/jobs?q=node+developer&l=California&vjk=0edd7d5239abbffd,"$71,500 - $154,900 a year",http://www.ucla.edu/
https://www.indeed.com/jobs?q=node+developer&l=California&vjk=7076f3363398bc3a,N/A,https://oracle.com/careers
https://www.indeed.com/jobs?q=node+developer&l=California&vjk=55ca1bccf3fcb649,"$136,038 - $182,490 a year",N/A
https://www.indeed.com/jobs?q=node+developer&l=California&vjk=bfc1e4ff7b906959,N/A,https://www.cgm.com/
https://www.indeed.com/jobs?q=node+developer&l=California&vjk=92ec6972457ba4e8,"$111,650 - $144,500 a year",https://www.sdccu.com/
https://www.indeed.com/jobs?q=node+developer&l=California&vjk=531896d17ffaf1bc,"$112,000 - $218,400 a year",http://www.microsoft.com/
https://www.indeed.com/jobs?q=node+developer&l=California&vjk=be14dbe1ff0e1b49,"$164,500 - $220,600 a year",N/A
https://www.indeed.com/jobs?q=node+developer&l=California&vjk=32aac5ee1e284ef5,N/A,N/A
https://www.indeed.com/jobs?q=node+developer&l=California&vjk=bba01627b2dfec32,N/A,http://www.apple.com/
https://www.indeed.com/jobs?q=node+developer&l=California&vjk=727e8520ef00ff56,N/A,http://www.altruist.com/
https://www.indeed.com/jobs?q=node+developer&l=California&vjk=0fe3d03c96a4c398,"$140,000 - $180,000 a year",https://www.supermicro.com/
https://www.indeed.com/jobs?q=node+developer&l=California&vjk=f8e79e95544c7121,N/A,https://www.siriusxm.com/
https://www.indeed.com/jobs?q=node+developer&l=California&vjk=cecca226f822553b,"$143,000 - $286,000 a year",https://careers.walmart.com/
https://www.indeed.com/jobs?q=node+developer&l=California&vjk=70a1012780d6c1aa,"$176,000 - $264,000 a year",http://www.hingehealth.com/
https://www.indeed.com/jobs?q=node+developer&l=California&vjk=a4f560155abe44ef,N/A,https://www.arup.com/
https://www.indeed.com/jobs?q=node+developer&l=California&vjk=8dbd638b8591bd84,N/A,https://www.aligntech.com/
https://www.indeed.com/jobs?q=node+developer&l=California&vjk=fac97a15e26707d2,"$138,000 - $178,000 a year",N/A
https://www.indeed.com/jobs?q=node+developer&l=California&vjk=2f66783dcff7d567,N/A,https://www.axiado.com/
https://www.indeed.com/jobs?q=node+developer&l=California&vjk=a593e2c9b1209f40,"$240,000 - $290,000 a year",https://www.shield.ai/
https://www.indeed.com/jobs?q=node+developer&l=California&vjk=1b7918148ce7cbc2,"$143,550 - $165,000 a year",N/A
https://www.indeed.com/jobs?q=node+developer&l=California&vjk=a7947098b7b1a7ef,N/A,N/A
https://www.indeed.com/jobs?q=node+developer&l=California&vjk=9731488a85697f21,"$170,000 - $230,000 a year",N/A
https://www.indeed.com/jobs?q=node+developer&l=California&vjk=f74bd9f64c8d3e45,"$145,600 - $174,700 a year",http://www.bill.com/
https://www.indeed.com/jobs?q=node+developer&l=California&vjk=3df81ee0cd157586,"$179,500 - $217,900 a year",https://www.aligntech.com/
https://www.indeed.com/jobs?q=node+developer&l=California&vjk=5e08aba024cbfd03,N/A,http://www.gene.com/
https://www.indeed.com/jobs?q=node+developer&l=California&vjk=eeda789923f908c5,"$115,000 - $150,000 a year",N/A
https://www.indeed.com/jobs?q=node+developer&l=California&vjk=2bf21ef802cbc8b4,"$100,000 - $160,000 a year",https://ensign.wd1.myworkdayjobs.com/Ensign
https://www.indeed.com/jobs?q=node+developer&l=California&vjk=bdb9d77bd9de58d7,"$93,918 - $164,725 a year",http://www.kleinfelder.com/
https://www.indeed.com/jobs?q=node+developer&l=California&vjk=644908ac200969d5,"From $129,300 a year",https://www.amazon.jobs/
https://www.indeed.com/jobs?q=node+developer&l=California&vjk=84d17db8b2801019,N/A,http://www.cisco.com/
https://www.indeed.com/jobs?q=node+developer&l=California&vjk=a1829c4fe5d464ee,"$189,110 - $233,840 a year",https://careers.roblox.com/
https://www.indeed.com/jobs?q=node+developer&l=California&vjk=cea5cb59031b78b5,"$119,610 - $199,340 a year",http://www.keysight.com/
https://www.indeed.com/jobs?q=node+developer&l=California&vjk=ba09bf8537ea6a97,"$116,000 - $130,000 a year",https://www.theamyntagroup.com/
https://www.indeed.com/jobs?q=node+developer&l=California&vjk=7f36a299843a0f48,N/A,http://www.myclearstory.com/
https://www.indeed.com/jobs?q=node+developer&l=California&vjk=45673a3437af35cd,"$124,000 - $234,200 a year",http://www.adobe.com/
https://www.indeed.com/jobs?q=node+developer&l=California&vjk=f5d966a8140be14d,"$125,700 - $172,800 a year",http://www.salesforce.com/
https://www.indeed.com/jobs?q=node+developer&l=California&vjk=fcb2690fba279b9e,"$144,000 - $250,000 a year",https://www.costargroup.com/
https://www.indeed.com/jobs?q=node+developer&l=California&vjk=1f928fa83feefc50,"$83,200 - $106,200 a year",https://www.cognizant.com/
https://www.indeed.com/jobs?q=node+developer&l=California&vjk=b9e5eb04615d2602,"$91,810 - $131,285 a year",N/A
https://www.indeed.com/jobs?q=node+developer&l=California&vjk=20232bbac0d428f7,N/A,https://www.calabriagroup.com/
https://www.indeed.com/jobs?q=node+developer&l=California&vjk=506a16f364772f93,"$187,000 - $220,000 a year",http://www.robinhood.com/
https://www.indeed.com/jobs?q=node+developer&l=California&vjk=797a26faf67d56a4,"$143,000 - $286,000 a year",https://careers.walmart.com/
https://www.indeed.com/jobs?q=node+developer&l=California&vjk=07419dc874209f71,"$148,000 - $270,000 a year",https://www.costargroup.com/
https://www.indeed.com/jobs?q=node+developer&l=California&vjk=e07f6859256e6502,"$124,000 - $211,000 a year",https://www.costargroup.com/
https://www.indeed.com/jobs?q=node+developer&l=California&vjk=4c20c5f000c175cf,"$130,000 - $140,000 a year",N/A
https://www.indeed.com/jobs?q=node+developer&l=California&vjk=2ff17078fee88dbe,"$124,000 - $211,000 a year",https://www.costargroup.com/
https://www.indeed.com/jobs?q=node+developer&l=California&vjk=276ac16ac441aa25,"$190,000 - $225,000 a year",http://www.labelbox.io/
https://www.indeed.com/jobs?q=node+developer&l=California&vjk=eddbdc5fae8cc55e,N/A,N/A
https://www.indeed.com/jobs?q=node+developer&l=California&vjk=4834f84db17ced3e,N/A,N/A
https://www.indeed.com/jobs?q=node+developer&l=California&vjk=513fc9ef0c99e2fc,"$95,800 - $170,000 a year",https://www.adswizz.com/
https://www.indeed.com/jobs?q=node+developer&l=California&vjk=228d9bd8467ae805,N/A,https://www.alluxio.com/
https://www.indeed.com/jobs?q=node+developer&l=California&vjk=acc5b96b4b91756b,N/A,https://www.afterpay.com/en-US
https://www.indeed.com/jobs?q=node+developer&l=California&vjk=66ec38f88ab33658,N/A,https://www.costargroup.com/
https://www.indeed.com/jobs?q=node+developer&l=California&vjk=799195fd0b00b90f,N/A,http://www.chegg.com/jobs/listings
https://www.indeed.com/jobs?q=node+developer&l=California&vjk=474491c547c9b77e,"$135,000 - $350,000 a year",https://www.alchemyny.com/
https://www.indeed.com/jobs?q=node+developer&l=California&vjk=64747df4a6d10b05,"$117,000 - $234,000 a year",https://careers.walmart.com/
https://www.indeed.com/jobs?q=node+developer&l=California&vjk=1502f98dee3dc642,N/A,https://www.afterpay.com/en-US
https://www.indeed.com/jobs?q=node+developer&l=California&vjk=35dc6cbfe72313a9,"$165,000 - $210,000 a year",N/A
https://www.indeed.com/jobs?q=node+developer&l=California&vjk=78484a419ee9eb2c,N/A,https://block.xyz/
https://www.indeed.com/jobs?q=node+developer&l=California&vjk=9e3e245e90d4bf4d,"$125,700 - $296,400 a year",http://www.salesforce.com/
https://www.indeed.com/jobs?q=node+developer&l=California&vjk=2c214030742ffaeb,"$143,000 - $286,000 a year",https://careers.walmart.com/
https://www.indeed.com/jobs?q=node+developer&l=California&vjk=5db16e729774741a,N/A,https://www.alluxio.com/
https://www.indeed.com/jobs?q=node+developer&l=California&vjk=36844af203eabc6f,"$93,918 - $164,725 a year",http://www.kleinfelder.com/
https://www.indeed.com/jobs?q=node+developer&l=California&vjk=472d15bf499c087d,"$117,000 - $234,000 a year",https://careers.walmart.com/
https://www.indeed.com/jobs?q=node+developer&l=California&vjk=720ecc632e6c9c2e,"$50,000 - $75,000 a year",N/A
https://www.indeed.com/jobs?q=node+developer&l=California&vjk=46c232d127611b6b,N/A,http://www.intuit.com/careers/glassdoor
https://www.indeed.com/jobs?q=node+developer&l=California&vjk=8b8e44e67a00dafc,N/A,https://www.capitalonecareers.com/
https://www.indeed.com/jobs?q=node+developer&l=California&vjk=dcd764f3b9a8d36d,"From $151,300 a year",N/A
https://www.indeed.com/jobs?q=node+developer&l=California&vjk=5038565c531af9d0,N/A,https://www.afterpay.com/en-US
https://www.indeed.com/jobs?q=node+developer&l=California&vjk=9d2d38e9a57efe1e,N/A,https://www.pwc.com/
https://www.indeed.com/jobs?q=node+developer&l=California&vjk=b8c7e950e9ab4358,N/A,http://www.guitarcenter.com/
https://www.indeed.com/jobs?q=node+developer&l=California&vjk=c6c134f4a364cb18,N/A,http://www.stellar.org/
